{
  "best_metric": -5.024991798400879,
  "train_time_s": 98.30910611152649
}