{
  "acc": 0.9814763616256567,
  "auc": 0.9930895368916574,
  "best_epoch": 5,
  "train_time_s": 96.33784222602844
}