{
  "best_metric": 0.964609599646096,
  "train_time_s": 111.22558784484863
}