{
  "acc": 0.9719119761141214,
  "auc": 0.9945521690777406,
  "best_epoch": 5,
  "train_time_s": 98.64314341545105
}