{
  "best_metric": -5.03404168287913,
  "train_time_s": 103.97741532325745
}