{
  "best_metric": 0.9875254357250287,
  "train_time_s": 88.07720804214478
}