{
  "best_metric": -5.030271788438161,
  "train_time_s": 2720.9210731983185
}