{
  "best_metric": -5.030460404025184,
  "train_time_s": 2714.3707332611084
}